UID,Nombre
5903187007,1paRoyerJr
562888879,spKING
5223758938,WHŪFlor
5162712510,Mʞ〢ＪＪ
543524854,乄GhT〆SaNTOnY
5216037752,1paMATO18
568524628,RNGJONA
546362992,ㅇMiLeK
5114882255,ʚɞYessiʚɞ
51524888446,亗J么ViER亗
587153593,ArturMcFly
51973997543,LYIM4¥K
52203696826,AVILMENTEtikto
51726840842,W4R흣〆ɪʀvin
51365466166,xickf
51790672580,『LDA๛Gonzale
5216749258,CDSxJxUxZ
51308238408,《SV๛Anubisツ
5336419911,WHūMUSTANGg38
5620816415,乡ɮt乡VªLE
5539851147,namelessॱ666
5760544684,E¢R亗Levi7亗
51671781013,UnA2k9
573587941,AngelFlowYT
5111270804,NAMICELA
51568463328,LCNŪLORD
51813354732,『BcT』Tutio
51347327959,pgEylin
5118949494,pgZeta
5382735629,〘LRK〙THISOMM
51777125068,VIPCarlos
52374233359,CRML×Z'CeLL
5222259228,IBsCAPIBARA
51792225482,ELLIMINATE2
5664949066,TP٭ं٭COBRA
51671825699,เʍpㅤTSUBASA
5151845920,ū7u7ū
5337611900,《RANCIO》ッ
533497416,SLTiagopai
51748147668,IFX・Bẹthaɞ
5760505422,LoscarSPM
52047166794,Notylawer
5211657566,Flanata
51446952222,『VANSII』
5250695449,DEUNCORNETAZO
5554408790,NCA×TÓXICO×
5455187485,IFXFlex
525031919,IFXHaroSnicker
519183492,Mʞ〢Fley
51598634728,「FИX」Nath
5563154682,ūōŪŪōŌī
51867149474,sirJost乔
5298814450,AP・Junior
5886617711,SisiGT
541950987,MOTOMASACRE
5419472258,CandyīCrush
51983686099,٭TVL・Jordy٭
5779671525,SVシANUBIS
52212030062,GR・K¥NG
52026292795,Luismi234
5192571328,AresPlayer7
5148274603,ジMurphyジ
577028154,Nɸ丨JaProBot
51882823197,e404RIOuelme
5660069250,F͜͡RtMARIO×
51483683964,『Mw』TORRES
5154856276,Joyas89
562362365,e404elTONY
5398450888,IMT十FranBoyyy
5557471866,Mʞ〢Takana
590341916,ŪūūSTOP
5124700603,乙z丨¹Oliver
5314987545,tito94gt
5633938165,sirPELE
51767895665,saray234578903
5584271756,bcNAHUELgg